id,account_id,reputation,user_id,user_type,profile_image,display_name,link,creation_date,last_access_date
0,37352732,1,28202373,registered,https://www.gravatar.com/avatar/b4fb41a291fcc5a486a5561e62b74210?s=256&d=identicon&r=PG&f=y&so-version=2,Lucio Cattaldo,https://stackoverflow.com/users/28202373/lucio-cattaldo,2024-11-08 19:06:15,2024-11-08 19:06:15
1,37352726,1,28202372,registered,https://www.gravatar.com/avatar/7b908ed8000f94c86b3ece52e8a9b857?s=256&d=identicon&r=PG&f=y&so-version=2,Diana Galaz,https://stackoverflow.com/users/28202372/diana-galaz,2024-11-08 19:06:01,2024-11-08 19:06:01
2,37352725,1,28202371,registered,https://www.gravatar.com/avatar/661b47d74fff72117cd3e094a8dc1ce0?s=256&d=identicon&r=PG&f=y&so-version=2,Oscar Andres,https://stackoverflow.com/users/28202371/oscar-andres,2024-11-08 19:05:59,2024-11-08 19:05:59
3,37352723,1,28202370,registered,https://www.gravatar.com/avatar/29218cb93d7a974bea3d43593df67ee7?s=256&d=identicon&r=PG&f=y&so-version=2,MD Israfil,https://stackoverflow.com/users/28202370/md-israfil,2024-11-08 19:05:55,2024-11-08 19:05:55
4,37352720,1,28202369,registered,https://www.gravatar.com/avatar/3aa37bc6913a176a48ccf22f8d399110?s=256&d=identicon&r=PG&f=y&so-version=2,Brennan Kelsey,https://stackoverflow.com/users/28202369/brennan-kelsey,2024-11-08 19:05:38,2024-11-08 19:05:38
5,37352719,1,28202368,registered,https://www.gravatar.com/avatar/411e18ceafd8251bd13c26c8b24e4f14?s=256&d=identicon&r=PG&f=y&so-version=2,Farhana Alip,https://stackoverflow.com/users/28202368/farhana-alip,2024-11-08 19:05:37,2024-11-08 19:05:37
6,37352717,1,28202367,registered,https://www.gravatar.com/avatar/aed333b4ff213b0c291c6e9ac2c01fbb?s=256&d=identicon&r=PG&f=y&so-version=2,Tyler Carolan,https://stackoverflow.com/users/28202367/tyler-carolan,2024-11-08 19:05:33,2024-11-08 19:05:33
7,37352715,1,28202366,registered,https://www.gravatar.com/avatar/ff3c409fd6bbfd0692d785c994a5b8bc?s=256&d=identicon&r=PG&f=y&so-version=2,александр кунгурцев,https://stackoverflow.com/users/28202366/%d0%b0%d0%bb%d0%b5%d0%ba%d1%81%d0%b0%d0%bd%d0%b4%d1%80-%d0%ba%d1%83%d0%bd%d0%b3%d1%83%d1%80%d1%86%d0%b5%d0%b2,2024-11-08 19:05:31,2024-11-08 19:05:31
8,37352714,1,28202365,registered,https://www.gravatar.com/avatar/9845f3ced4c8f75549078f79820aa9d4?s=256&d=identicon&r=PG&f=y&so-version=2,Yuliia Bubela,https://stackoverflow.com/users/28202365/yuliia-bubela,2024-11-08 19:05:30,2024-11-08 19:05:30
9,37352712,1,28202364,registered,https://www.gravatar.com/avatar/b22963ea951b4e81288d2b3f6f791a54?s=256&d=identicon&r=PG&f=y&so-version=2,MD Sakil Nadaf,https://stackoverflow.com/users/28202364/md-sakil-nadaf,2024-11-08 19:05:22,2024-11-08 19:05:22
10,37352710,1,28202363,registered,https://www.gravatar.com/avatar/4ed3a5c93061a79a47748d787cf41597?s=256&d=identicon&r=PG&f=y&so-version=2,Liane Dorn,https://stackoverflow.com/users/28202363/liane-dorn,2024-11-08 19:05:15,2024-11-08 19:05:15
11,37352709,1,28202362,registered,https://www.gravatar.com/avatar/92bcb6ae26634fce0c37d52320bbb92b?s=256&d=identicon&r=PG&f=y&so-version=2,Мартин Димаров,https://stackoverflow.com/users/28202362/%d0%9c%d0%b0%d1%80%d1%82%d0%b8%d0%bd-%d0%94%d0%b8%d0%bc%d0%b0%d1%80%d0%be%d0%b2,2024-11-08 19:05:15,2024-11-08 19:05:15
12,37352707,1,28202361,registered,https://www.gravatar.com/avatar/da42678f88e53c2a8e6d34eac3a61ea4?s=256&d=identicon&r=PG&f=y&so-version=2,Kayon Hill,https://stackoverflow.com/users/28202361/kayon-hill,2024-11-08 19:05:12,2024-11-08 19:05:12
13,37352705,1,28202360,registered,https://www.gravatar.com/avatar/56280204c9f0d3825188bc4b4161e325?s=256&d=identicon&r=PG&f=y&so-version=2,Moses Omolaja Omotayo,https://stackoverflow.com/users/28202360/moses-omolaja-omotayo,2024-11-08 19:05:06,2024-11-08 19:05:06
14,37352704,1,28202359,registered,https://www.gravatar.com/avatar/c403898528771d64ed74c813950aa364?s=256&d=identicon&r=PG&f=y&so-version=2,Nicolas St-Amour,https://stackoverflow.com/users/28202359/nicolas-st-amour,2024-11-08 19:05:05,2024-11-08 19:05:05
15,37330063,1,28202358,registered,https://www.gravatar.com/avatar/7c0840fec35dc1874148d69aa15512a8?s=256&d=identicon&r=PG&f=y&so-version=2,William Hill,https://stackoverflow.com/users/28202358/william-hill,2024-11-08 19:05:02,2024-11-08 19:05:02
16,37352701,1,28202357,registered,https://www.gravatar.com/avatar/2c6f66b9587573684fe949b8a4025043?s=256&d=identicon&r=PG&f=y&so-version=2,Ashish Nigam,https://stackoverflow.com/users/28202357/ashish-nigam,2024-11-08 19:04:57,2024-11-08 19:04:57
17,37352697,1,28202356,registered,https://www.gravatar.com/avatar/9fbb765aae3d9a62817b3af047a0fb4b?s=256&d=identicon&r=PG&f=y&so-version=2,vxk8131,https://stackoverflow.com/users/28202356/vxk8131,2024-11-08 19:04:54,2024-11-08 19:04:54
18,37352696,1,28202355,registered,https://www.gravatar.com/avatar/159f7a2f8b29d44dd2c6d40f531f02d3?s=256&d=identicon&r=PG&f=y&so-version=2,Javier Michaga,https://stackoverflow.com/users/28202355/javier-michaga,2024-11-08 19:04:51,2024-11-08 19:04:51
19,37352695,1,28202354,registered,https://www.gravatar.com/avatar/112e319d3d547045dc00ed36a96a05c8?s=256&d=identicon&r=PG&f=y&so-version=2,aarya tolani,https://stackoverflow.com/users/28202354/aarya-tolani,2024-11-08 19:04:48,2024-11-08 19:04:48
20,27017023,1,28202353,registered,https://lh3.googleusercontent.com/a/ALm5wu0jnKQ1Z5EV58m_Hkk9DP4nuqxSeiJ_Tz2JQb_w=k-s256,Dora Pomerancblum,https://stackoverflow.com/users/28202353/dora-pomerancblum,2024-11-08 19:04:47,2024-11-08 19:04:47
21,37162181,1,28202352,registered,https://www.gravatar.com/avatar/a3d8e880a1453ef9cf4c654fdd6b5ca3?s=256&d=identicon&r=PG&f=y&so-version=2,Seth Tolkamp,https://stackoverflow.com/users/28202352/seth-tolkamp,2024-11-08 19:04:39,2024-11-08 19:04:39
22,37352691,1,28202351,registered,https://www.gravatar.com/avatar/562b36a8c9f4a54e3cab756bb119b2f6?s=256&d=identicon&r=PG&f=y&so-version=2,Studio Tatuap&#233;,https://stackoverflow.com/users/28202351/studio-tatuap%c3%a9,2024-11-08 19:04:37,2024-11-08 19:04:37
23,37352689,1,28202350,registered,https://www.gravatar.com/avatar/e483f465230564071b6ff51df971810c?s=256&d=identicon&r=PG&f=y&so-version=2,Hugo I. Dom&#237;nguez F.,https://stackoverflow.com/users/28202350/hugo-i-dom%c3%adnguez-f,2024-11-08 19:04:30,2024-11-08 19:04:30
24,37352685,1,28202349,registered,https://www.gravatar.com/avatar/30a189b2815dbbaa05aada9d0f4a13ed?s=256&d=identicon&r=PG&f=y&so-version=2,user28202349,https://stackoverflow.com/users/28202349/user28202349,2024-11-08 19:04:21,2024-11-08 19:04:21
25,37352684,1,28202348,registered,https://www.gravatar.com/avatar/0650169b4c965792f7f30ee142351bb4?s=256&d=identicon&r=PG&f=y&so-version=2,Paula da Silveira,https://stackoverflow.com/users/28202348/paula-da-silveira,2024-11-08 19:04:19,2024-11-08 19:04:19
26,37352683,1,28202347,registered,https://www.gravatar.com/avatar/78556b08a3d5b1ca562722746ff6fffc?s=256&d=identicon&r=PG&f=y&so-version=2,Дмитро Ямковий,https://stackoverflow.com/users/28202347/%d0%94%d0%bc%d0%b8%d1%82%d1%80%d0%be-%d0%af%d0%bc%d0%ba%d0%be%d0%b2%d0%b8%d0%b9,2024-11-08 19:04:18,2024-11-08 19:04:18
27,37352680,1,28202346,registered,https://www.gravatar.com/avatar/7b66bac3cd0996d46fb30f64493eb9c1?s=256&d=identicon&r=PG&f=y&so-version=2,Ketan Sevekari,https://stackoverflow.com/users/28202346/ketan-sevekari,2024-11-08 19:04:03,2024-11-08 19:04:03
28,37352454,1,28202344,registered,https://www.gravatar.com/avatar/a839d363efecb5ccea2525c67226192c?s=256&d=identicon&r=PG&f=y&so-version=2,Akhya Thwin,https://stackoverflow.com/users/28202344/akhya-thwin,2024-11-08 19:04:00,2024-11-08 19:04:00
29,37352679,1,28202345,registered,https://www.gravatar.com/avatar/d1ea6c84b9ae8b053e594ce83bfa75dd?s=256&d=identicon&r=PG&f=y&so-version=2,lala jio,https://stackoverflow.com/users/28202345/lala-jio,2024-11-08 19:04:00,2024-11-08 19:04:00
30,37352678,1,28202343,registered,https://www.gravatar.com/avatar/ce6b59cf94902fe18c69774bfd3022be?s=256&d=identicon&r=PG&f=y&so-version=2,Anshika Tiwari,https://stackoverflow.com/users/28202343/anshika-tiwari,2024-11-08 19:03:58,2024-11-08 19:03:58
31,37352676,1,28202342,registered,https://www.gravatar.com/avatar/4c9ad42b7af273408386c224243bcc2c?s=256&d=identicon&r=PG&f=y&so-version=2,Leonardo Dylan Alcantara Marin,https://stackoverflow.com/users/28202342/leonardo-dylan-alcantara-marin,2024-11-08 19:03:58,2024-11-08 19:03:58
32,37352675,1,28202341,registered,https://www.gravatar.com/avatar/63c090ffc33825bae89b6cf70e08c72f?s=256&d=identicon&r=PG&f=y&so-version=2,CITEX SARL,https://stackoverflow.com/users/28202341/citex-sarl,2024-11-08 19:03:58,2024-11-08 19:03:58
33,37352674,1,28202340,registered,https://www.gravatar.com/avatar/ef591152168969759e62b3703660329e?s=256&d=identicon&r=PG&f=y&so-version=2,Gregor Betz,https://stackoverflow.com/users/28202340/gregor-betz,2024-11-08 19:03:57,2024-11-08 19:03:57
34,37352673,1,28202339,registered,https://www.gravatar.com/avatar/bd810bd1842ba30ceabe950273c03578?s=256&d=identicon&r=PG&f=y&so-version=2,Ian Herring Hezza1972,https://stackoverflow.com/users/28202339/ian-herring-hezza1972,2024-11-08 19:03:56,2024-11-08 19:03:56
35,37352672,1,28202338,registered,https://www.gravatar.com/avatar/b160dd778b755b66d0e64bc6674a681c?s=256&d=identicon&r=PG&f=y&so-version=2,KRISHNA KUSHWAH,https://stackoverflow.com/users/28202338/krishna-kushwah,2024-11-08 19:03:54,2024-11-08 19:03:54
36,37352671,1,28202337,registered,https://www.gravatar.com/avatar/98e2b6f1d7bb63a084f4a4d788ff1be6?s=256&d=identicon&r=PG&f=y&so-version=2,Warso Warso,https://stackoverflow.com/users/28202337/warso-warso,2024-11-08 19:03:53,2024-11-08 19:03:53
37,37352668,1,28202336,registered,https://www.gravatar.com/avatar/82d6ea356aea68c46bcaa3e265b55da4?s=256&d=identicon&r=PG&f=y&so-version=2,Bravo Grum,https://stackoverflow.com/users/28202336/bravo-grum,2024-11-08 19:03:45,2024-11-08 19:03:45
38,37352667,1,28202335,registered,https://www.gravatar.com/avatar/3f0b80ba3de8731292e087b35915ec06?s=256&d=identicon&r=PG&f=y&so-version=2,Maus,https://stackoverflow.com/users/28202335/maus,2024-11-08 19:03:44,2024-11-08 19:03:44
39,37352665,1,28202334,registered,https://www.gravatar.com/avatar/2c34a3752280ae0b8d892b866f27736a?s=256&d=identicon&r=PG&f=y&so-version=2,Syifaul Maula,https://stackoverflow.com/users/28202334/syifaul-maula,2024-11-08 19:03:42,2024-11-08 19:03:42
40,37352663,1,28202333,registered,https://www.gravatar.com/avatar/900a8133278fbab86bf009fcc4b76b3e?s=256&d=identicon&r=PG&f=y&so-version=2,Smollvideo,https://stackoverflow.com/users/28202333/smollvideo,2024-11-08 19:03:29,2024-11-08 19:03:29
41,37352661,1,28202332,registered,https://www.gravatar.com/avatar/3444ae56cb60fe222552c59e27ced299?s=256&d=identicon&r=PG&f=y&so-version=2,Jakub Ppp,https://stackoverflow.com/users/28202332/jakub-ppp,2024-11-08 19:03:26,2024-11-08 19:03:26
42,37352659,1,28202331,registered,https://www.gravatar.com/avatar/e7352f199f78e9c5c77e57dd79664132?s=256&d=identicon&r=PG&f=y&so-version=2,Ray Landes,https://stackoverflow.com/users/28202331/ray-landes,2024-11-08 19:03:25,2024-11-08 19:03:25
43,37352658,1,28202330,registered,https://www.gravatar.com/avatar/6d14cd5ca5ac35c45a27892d8b588584?s=256&d=identicon&r=PG&f=y&so-version=2,moeze ullah Mirza,https://stackoverflow.com/users/28202330/moeze-ullah-mirza,2024-11-08 19:03:12,2024-11-08 19:03:12
44,37352657,1,28202329,registered,https://www.gravatar.com/avatar/c913064c9da31b89d6c09d6ef923cce7?s=256&d=identicon&r=PG&f=y&so-version=2,Davi Andrade Pontes,https://stackoverflow.com/users/28202329/davi-andrade-pontes,2024-11-08 19:03:07,2024-11-08 19:03:07
45,37352653,1,28202328,registered,https://www.gravatar.com/avatar/7ab5ed452922499c00bfad6a5e0eba0d?s=256&d=identicon&r=PG&f=y&so-version=2,kevin Cadena,https://stackoverflow.com/users/28202328/kevin-cadena,2024-11-08 19:03:01,2024-11-08 19:03:01
46,37352650,1,28202327,registered,https://www.gravatar.com/avatar/6773fffd447b5a621da50b77ea551a12?s=256&d=identicon&r=PG&f=y&so-version=2,Antal Krist&#243;f,https://stackoverflow.com/users/28202327/antal-krist%c3%b3f,2024-11-08 19:02:53,2024-11-08 19:02:53
47,37352648,1,28202326,registered,https://www.gravatar.com/avatar/b1c99b6c070df841d35f554ba8b3a235?s=256&d=identicon&r=PG&f=y&so-version=2,Irene Rono,https://stackoverflow.com/users/28202326/irene-rono,2024-11-08 19:02:49,2024-11-08 19:02:49
48,37352647,1,28202325,registered,https://www.gravatar.com/avatar/c9497426293956e2974a8a92b12294d2?s=256&d=identicon&r=PG&f=y&so-version=2,Abhijeet Patil,https://stackoverflow.com/users/28202325/abhijeet-patil,2024-11-08 19:02:48,2024-11-08 19:02:48
49,37352646,1,28202324,registered,https://www.gravatar.com/avatar/23b3b1f3199936828f630ed41c92a002?s=256&d=identicon&r=PG&f=y&so-version=2,Ivan Savenko,https://stackoverflow.com/users/28202324/ivan-savenko,2024-11-08 19:02:48,2024-11-08 19:02:48
50,37352645,1,28202323,registered,https://www.gravatar.com/avatar/4d6672304c8a760bed70e59891d120a0?s=256&d=identicon&r=PG&f=y&so-version=2,Gaming Sakib,https://stackoverflow.com/users/28202323/gaming-sakib,2024-11-08 19:02:42,2024-11-08 19:02:42
51,37352639,1,28202322,registered,https://www.gravatar.com/avatar/aa7207815da3391497a5e2ffbc57da4d?s=256&d=identicon&r=PG&f=y&so-version=2,Melanie Bianchi,https://stackoverflow.com/users/28202322/melanie-bianchi,2024-11-08 19:02:33,2024-11-08 19:02:33
52,37352632,1,28202321,registered,https://www.gravatar.com/avatar/610bed214830308dfb78b61f3223504d?s=256&d=identicon&r=PG&f=y&so-version=2,PHILLIP DINGLER,https://stackoverflow.com/users/28202321/phillip-dingler,2024-11-08 19:02:12,2024-11-08 19:02:12
53,37352630,1,28202320,registered,https://www.gravatar.com/avatar/d4a1781b7e8345f1f1eced6b751a93e5?s=256&d=identicon&r=PG&f=y&so-version=2,Jakub Tracz,https://stackoverflow.com/users/28202320/jakub-tracz,2024-11-08 19:02:04,2024-11-08 19:02:04
54,37352627,1,28202319,registered,https://www.gravatar.com/avatar/d4752adeb60e6146f388b7c300896794?s=256&d=identicon&r=PG&f=y&so-version=2,V1per3446,https://stackoverflow.com/users/28202319/v1per3446,2024-11-08 19:01:53,2024-11-08 19:01:53
55,37352623,1,28202318,registered,https://www.gravatar.com/avatar/0adc3bac918109c89831450861c4db16?s=256&d=identicon&r=PG&f=y&so-version=2,Jason Roon,https://stackoverflow.com/users/28202318/jason-roon,2024-11-08 19:01:47,2024-11-08 19:01:47
56,37352622,1,28202317,registered,https://www.gravatar.com/avatar/fb8a0a2f40e55c095bc0cc017d07c49e?s=256&d=identicon&r=PG&f=y&so-version=2,McQueen,https://stackoverflow.com/users/28202317/mcqueen,2024-11-08 19:01:46,2024-11-08 19:01:46
57,37352620,1,28202316,registered,https://www.gravatar.com/avatar/8ed9645bfca82edc3418c9b28d9f17dc?s=256&d=identicon&r=PG&f=y&so-version=2,Daniel Futrell,https://stackoverflow.com/users/28202316/daniel-futrell,2024-11-08 19:01:40,2024-11-08 19:01:40
58,37352618,1,28202315,registered,https://www.gravatar.com/avatar/1c483f2218db0fd3fab05e0b7f5bdf7c?s=256&d=identicon&r=PG&f=y&so-version=2,Eustace Nnolum,https://stackoverflow.com/users/28202315/eustace-nnolum,2024-11-08 19:01:38,2024-11-08 19:01:38
59,37352617,1,28202314,registered,https://www.gravatar.com/avatar/ddbac1bf655897fe951e5c0249cde5e4?s=256&d=identicon&r=PG&f=y&so-version=2,Hoda El.Mosalmy,https://stackoverflow.com/users/28202314/hoda-el-mosalmy,2024-11-08 19:01:37,2024-11-08 19:01:37
60,37352616,1,28202313,registered,https://www.gravatar.com/avatar/f9551aa5d2a006a241c99f852e412df1?s=256&d=identicon&r=PG&f=y&so-version=2,Wilson_oofG,https://stackoverflow.com/users/28202313/wilson-oofg,2024-11-08 19:01:30,2024-11-08 19:01:30
61,37352614,1,28202312,registered,https://www.gravatar.com/avatar/e8e582d0178b736d71bb6f77fde3901a?s=256&d=identicon&r=PG&f=y&so-version=2,Atikah Hussin,https://stackoverflow.com/users/28202312/atikah-hussin,2024-11-08 19:01:29,2024-11-08 19:01:29
62,37352612,1,28202311,registered,https://www.gravatar.com/avatar/02542ec088295d2d2cdc54e48c26d438?s=256&d=identicon&r=PG&f=y&so-version=2,Komal Sandhu,https://stackoverflow.com/users/28202311/komal-sandhu,2024-11-08 19:01:28,2024-11-08 19:01:28
63,37352609,1,28202310,registered,https://www.gravatar.com/avatar/5af7e240ff6d55f4a0e475817e8b42f4?s=256&d=identicon&r=PG&f=y&so-version=2,Prahlad Bati,https://stackoverflow.com/users/28202310/prahlad-bati,2024-11-08 19:01:23,2024-11-08 19:01:23
64,37352607,1,28202309,registered,https://www.gravatar.com/avatar/8c9b6ef904159ed469ff659524baec47?s=256&d=identicon&r=PG&f=y&so-version=2,Atharv Gangarde,https://stackoverflow.com/users/28202309/atharv-gangarde,2024-11-08 19:01:13,2024-11-08 19:01:13
65,37352604,1,28202308,registered,https://www.gravatar.com/avatar/e3af811f94f5b103af1feda327917c3f?s=256&d=identicon&r=PG&f=y&so-version=2,Marco Montefusco,https://stackoverflow.com/users/28202308/marco-montefusco,2024-11-08 19:01:05,2024-11-08 19:01:05
66,37352603,1,28202307,registered,https://www.gravatar.com/avatar/05022d4a9452ffb4f8b5fd415a86881b?s=256&d=identicon&r=PG&f=y&so-version=2,rahul baski,https://stackoverflow.com/users/28202307/rahul-baski,2024-11-08 19:01:03,2024-11-08 19:01:03
67,37352595,1,28202306,registered,https://www.gravatar.com/avatar/04ac9a0b642c8a6e9a1a3dad33318dfe?s=256&d=identicon&r=PG&f=y&so-version=2,Keshav Ganeshbabu,https://stackoverflow.com/users/28202306/keshav-ganeshbabu,2024-11-08 19:00:27,2024-11-08 19:00:27
68,37352593,1,28202305,registered,https://www.gravatar.com/avatar/64664909e5f5fff0efa44469a5b84404?s=256&d=identicon&r=PG&f=y&so-version=2,Faisal Ranipeta,https://stackoverflow.com/users/28202305/faisal-ranipeta,2024-11-08 19:00:26,2024-11-08 19:00:26
69,37352590,1,28202304,registered,https://www.gravatar.com/avatar/3cc52a01e8f39076f8616bb08c038384?s=256&d=identicon&r=PG&f=y&so-version=2,Pedro Pinheiro,https://stackoverflow.com/users/28202304/pedro-pinheiro,2024-11-08 19:00:21,2024-11-08 19:00:21
70,37352589,1,28202303,registered,https://www.gravatar.com/avatar/02c26e5eed1479109d641ed2741bfca3?s=256&d=identicon&r=PG&f=y&so-version=2,bhuban raj dhakal,https://stackoverflow.com/users/28202303/bhuban-raj-dhakal,2024-11-08 19:00:21,2024-11-08 19:00:21
71,37352586,1,28202302,registered,https://www.gravatar.com/avatar/a68617689176c620b5e2b9fbaa6cc575?s=256&d=identicon&r=PG&f=y&so-version=2,Matt Gaarder,https://stackoverflow.com/users/28202302/matt-gaarder,2024-11-08 19:00:10,2024-11-08 19:00:10
72,37352583,1,28202301,registered,https://www.gravatar.com/avatar/222cb32e678d669077abc0b33e2b748f?s=256&d=identicon&r=PG&f=y&so-version=2,Ranim Ourari,https://stackoverflow.com/users/28202301/ranim-ourari,2024-11-08 19:00:07,2024-11-08 19:00:07
73,37352582,1,28202300,registered,https://www.gravatar.com/avatar/056421f29bb3a765169855d7c14aaff6?s=256&d=identicon&r=PG&f=y&so-version=2,manoj ltp,https://stackoverflow.com/users/28202300/manoj-ltp,2024-11-08 19:00:00,2024-11-08 19:00:00
74,37352575,1,28202299,registered,https://www.gravatar.com/avatar/e4119e4f2683608ac67372829b209a2e?s=256&d=identicon&r=PG&f=y&so-version=2,Skitzo Phrenik,https://stackoverflow.com/users/28202299/skitzo-phrenik,2024-11-08 18:59:48,2024-11-08 18:59:48
75,37352573,1,28202298,registered,https://www.gravatar.com/avatar/067f04e968c2801aebc2b1addbae2a28?s=256&d=identicon&r=PG&f=y&so-version=2,Yaakoub 19,https://stackoverflow.com/users/28202298/yaakoub-19,2024-11-08 18:59:46,2024-11-08 18:59:46
76,37352545,1,28202297,registered,https://www.gravatar.com/avatar/79a0f5fc07603bc2f0c6e8689ffd4bb2?s=256&d=identicon&r=PG&f=y&so-version=2,shayuki mohd,https://stackoverflow.com/users/28202297/shayuki-mohd,2024-11-08 18:59:39,2024-11-08 18:59:39
77,37352561,1,28202296,registered,https://www.gravatar.com/avatar/6ced7a2e1095499bd77423d0a7b45990?s=256&d=identicon&r=PG&f=y&so-version=2,Charmaylily,https://stackoverflow.com/users/28202296/charmaylily,2024-11-08 18:59:01,2024-11-08 18:59:01
78,37352560,1,28202295,registered,https://www.gravatar.com/avatar/e510c920eea96594386d1141cdd9525c?s=256&d=identicon&r=PG&f=y&so-version=2,K_ Mo,https://stackoverflow.com/users/28202295/k-mo,2024-11-08 18:58:59,2024-11-08 18:58:59
79,37352559,1,28202294,registered,https://www.gravatar.com/avatar/6a883122590ac745c2f0856c9335b878?s=256&d=identicon&r=PG&f=y&so-version=2,Enkhtulga Enkhtulga,https://stackoverflow.com/users/28202294/enkhtulga-enkhtulga,2024-11-08 18:58:54,2024-11-08 18:58:54
80,37352555,1,28202293,registered,https://www.gravatar.com/avatar/27bf49c50746586f2657f2598545c6e0?s=256&d=identicon&r=PG&f=y&so-version=2,jim saunders,https://stackoverflow.com/users/28202293/jim-saunders,2024-11-08 18:58:44,2024-11-08 18:58:44
81,37327218,1,28202292,registered,https://www.gravatar.com/avatar/e57a58d0fd4347e1f9d4e6fef825d66b?s=256&d=identicon&r=PG&f=y&so-version=2,Kamkam Kamkam,https://stackoverflow.com/users/28202292/kamkam-kamkam,2024-11-08 18:58:43,2024-11-08 18:58:43
82,37352550,1,28202291,registered,https://www.gravatar.com/avatar/bd5f25c483392769d7c2bd0248caa4ec?s=256&d=identicon&r=PG&f=y&so-version=2,Ghulam Mujtaba,https://stackoverflow.com/users/28202291/ghulam-mujtaba,2024-11-08 18:58:30,2024-11-08 18:58:30
83,37352549,1,28202290,registered,https://www.gravatar.com/avatar/ce722e88a374cabeaea36f4513d409f6?s=256&d=identicon&r=PG&f=y&so-version=2,Harvey Wade Gonzales,https://stackoverflow.com/users/28202290/harvey-wade-gonzales,2024-11-08 18:58:28,2024-11-08 18:58:28
84,37352548,1,28202289,registered,https://www.gravatar.com/avatar/fbfd584b6669ce43bb1f9bbce1f4e523?s=256&d=identicon&r=PG&f=y&so-version=2,Benedetto,https://stackoverflow.com/users/28202289/benedetto,2024-11-08 18:58:26,2024-11-08 18:58:26
85,37352544,1,28202288,registered,https://www.gravatar.com/avatar/0742103e84ee162b28628366e82beab5?s=256&d=identicon&r=PG&f=y&so-version=2,laiba tahir,https://stackoverflow.com/users/28202288/laiba-tahir,2024-11-08 18:58:22,2024-11-08 18:58:22
86,37352542,1,28202287,registered,https://www.gravatar.com/avatar/8278b523e1b4747a13348863fd57ecb9?s=256&d=identicon&r=PG&f=y&so-version=2,&#233;va bang&#243;,https://stackoverflow.com/users/28202287/%c3%a9va-bang%c3%b3,2024-11-08 18:58:07,2024-11-08 18:58:07
87,37352540,1,28202286,registered,https://www.gravatar.com/avatar/48f0fa46158a8a7d3414fd95d0d0f201?s=256&d=identicon&r=PG&f=y&so-version=2,user28202286,https://stackoverflow.com/users/28202286/user28202286,2024-11-08 18:58:04,2024-11-08 18:58:04
88,37352538,1,28202284,registered,https://www.gravatar.com/avatar/07038a53e95cf8a0386967fc6c5ec2f9?s=256&d=identicon&r=PG&f=y&so-version=2,SHIROU,https://stackoverflow.com/users/28202284/shirou,2024-11-08 18:58:02,2024-11-08 18:58:02
89,37352539,1,28202285,registered,https://www.gravatar.com/avatar/8034a4f6de7f7e07334c1fb1b0bc442e?s=256&d=identicon&r=PG&f=y&so-version=2,Irfar ismaeel,https://stackoverflow.com/users/28202285/irfar-ismaeel,2024-11-08 18:58:02,2024-11-08 18:58:02
90,37044089,1,28202283,registered,https://www.gravatar.com/avatar/6c85a89b1f27e2be57db0203fe399bde?s=256&d=identicon&r=PG&f=y&so-version=2,Bob Whaley,https://stackoverflow.com/users/28202283/bob-whaley,2024-11-08 18:57:57,2024-11-08 18:57:57
91,37352535,1,28202282,registered,https://www.gravatar.com/avatar/40151302b708c6cb9d73e4e401745383?s=256&d=identicon&r=PG&f=y&so-version=2,Abderrahim Achour,https://stackoverflow.com/users/28202282/abderrahim-achour,2024-11-08 18:57:54,2024-11-08 18:57:54
92,37352533,1,28202281,registered,https://www.gravatar.com/avatar/3c4135869f1129faa7281a578d28fa06?s=256&d=identicon&r=PG&f=y&so-version=2,Jim Hester,https://stackoverflow.com/users/28202281/jim-hester,2024-11-08 18:57:52,2024-11-08 18:57:52
93,37352531,1,28202280,registered,https://www.gravatar.com/avatar/f59f0dfa7238903051a1bf9ea4a181d6?s=256&d=identicon&r=PG&f=y&so-version=2,Sailendra Bal,https://stackoverflow.com/users/28202280/sailendra-bal,2024-11-08 18:57:46,2024-11-08 18:57:46
94,37352525,1,28202279,registered,https://www.gravatar.com/avatar/4787140d8ac29bbf382c8ce942286536?s=256&d=identicon&r=PG&f=y&so-version=2,Chintha Padma,https://stackoverflow.com/users/28202279/chintha-padma,2024-11-08 18:57:33,2024-11-08 18:57:33
95,37352522,1,28202278,registered,https://www.gravatar.com/avatar/81da5e4fa6e6ac0f8f4633a44fe79d55?s=256&d=identicon&r=PG&f=y&so-version=2,Grendel_Blitz,https://stackoverflow.com/users/28202278/grendel-blitz,2024-11-08 18:57:25,2024-11-08 18:57:25
96,37352521,1,28202277,registered,https://www.gravatar.com/avatar/27d554cbde6128500b6ebf8a8b02a52a?s=256&d=identicon&r=PG&f=y&so-version=2,Shafiya,https://stackoverflow.com/users/28202277/shafiya,2024-11-08 18:57:22,2024-11-08 18:57:22
97,37352520,1,28202276,registered,https://www.gravatar.com/avatar/26612f93d0f28748ea831cc40430e1c9?s=256&d=identicon&r=PG&f=y&so-version=2,free fun,https://stackoverflow.com/users/28202276/free-fun,2024-11-08 18:57:21,2024-11-08 18:57:21
98,37352516,1,28202275,registered,https://www.gravatar.com/avatar/0d21d25ececda6e1f98e646c322460d1?s=256&d=identicon&r=PG&f=y&so-version=2,Paul Kadletz,https://stackoverflow.com/users/28202275/paul-kadletz,2024-11-08 18:57:14,2024-11-08 18:57:14
99,37352515,1,28202274,registered,https://www.gravatar.com/avatar/c352911f4b5472de88862c6aaff599d2?s=256&d=identicon&r=PG&f=y&so-version=2,Olloyor Qozoqov,https://stackoverflow.com/users/28202274/olloyor-qozoqov,2024-11-08 18:57:13,2024-11-08 18:57:13
